"Estimation de population au 1er janvier, par département, sexe et âge quinquennal",,,,,,,,,,,,,,,,,,,,,,,,,,,,,,,,,,,,,,,,,,,,,,,,,,,,,,,,,,,,,,,,
Année 2016,,,,,,,,,,,,,,,,,,,,,,,,,,,,,,,,,,,,,,,,,,,,,,,,,,,,,,,,,,,,,,,,
,,,,,,,,,,,,,,,,,,,,,,,,,,,,,,,,,,,,,,,,,,,,,,,,,,,,,,,,,,,,,,,,
Départements,,Ensemble,,,,,,,,,,,,,,,,,,,,,Hommes,,,,,,,,,,,,,,,,,,,,,Femmes,,,,,,,,,,,,,,,,,,,,
,,0 à 4 ans,5 à 9 ans,10 à 14 ans,15 à 19 ans,20 à 24 ans,25 à 29 ans,30 à 34 ans,35 à 39 ans,40 à 44 ans,45 à 49 ans,50 à 54 ans,55 à 59 ans,60 à 64 ans,65 à 69 ans,70 à 74 ans,75 à 79 ans,80 à 84 ans,85 à 89 ans,90 à 94 ans,95 ans et plus,Total,0 à 4 ans,5 à 9 ans,10 à 14 ans,15 à 19 ans,20 à 24 ans,25 à 29 ans,30 à 34 ans,35 à 39 ans,40 à 44 ans,45 à 49 ans,50 à 54 ans,55 à 59 ans,60 à 64 ans,65 à 69 ans,70 à 74 ans,75 à 79 ans,80 à 84 ans,85 à 89 ans,90 à 94 ans,95 ans et plus,Total,0 à 4 ans,5 à 9 ans,10 à 14 ans,15 à 19 ans,20 à 24 ans,25 à 29 ans,30 à 34 ans,35 à 39 ans,40 à 44 ans,45 à 49 ans,50 à 54 ans,55 à 59 ans,60 à 64 ans,65 à 69 ans,70 à 74 ans,75 à 79 ans,80 à 84 ans,85 à 89 ans,90 à 94 ans,95 ans et plus,Total
01,Ain,39902,44715,44098,38515,30148,35996,40335,41868,46464,46463,45107,40024,36932,34846,23095,18040,15139,10392,5193,1153,638425,20382,22873,22766,19884,15506,18008,20075,20654,22980,23460,22737,19601,18225,16871,11119,8235,6038,3727,1573,229,314943,19520,21842,21332,18631,14642,17988,20260,21214,23484,23003,22370,20423,18707,17975,11976,9805,9101,6665,3620,924,323482
02,Aisne,32698,35463,35563,33034,25938,29814,31512,31040,34994,35432,36969,36135,35692,34092,18848,17312,15553,10467,4708,872,536136,16545,18181,18256,17011,13367,14899,15497,15385,17415,17696,18355,17793,17476,16293,8847,7243,5839,3479,1210,176,260963,16153,17282,17307,16023,12571,14915,16015,15655,17579,17736,18614,18342,18216,17799,10001,10069,9714,6988,3498,696,275173
03,Allier,15695,17851,18944,17980,14608,15366,16753,17249,21292,22641,23703,24015,25310,25774,17273,15405,14091,9771,4647,1016,339384,7954,9079,9717,9316,7875,7769,8213,8438,10482,11324,11640,11627,12006,12255,7926,6745,5408,3301,1323,199,162597,7741,8772,9227,8664,6733,7597,8540,8811,10810,11317,12063,12388,13304,13519,9347,8660,8683,6470,3324,817,176787
04,Alpes-de-Haute-Provence,7791,8921,9639,8782,6287,7327,8326,8628,9809,11322,11755,11861,11622,12207,8839,7103,5874,3980,1979,513,162565,4131,4604,5005,4595,3408,3636,4069,4110,4817,5560,5624,5823,5817,5878,4222,3257,2524,1415,542,124,79161,3660,4317,4634,4187,2879,3691,4257,4518,4992,5762,6131,6038,5805,6329,4617,3846,3350,2565,1437,389,83404
05,Hautes-Alpes,7233,8200,8465,7522,5739,6763,7736,8314,9177,9874,10042,9972,9995,9793,6571,5437,4785,3247,1782,460,141107,3715,4231,4346,3949,3103,3391,3749,4115,4480,4984,4959,4943,4853,4814,3189,2425,2043,1184,543,87,69103,3518,3969,4119,3573,2636,3372,3987,4199,4697,4890,5083,5029,5142,4979,3382,3012,2742,2063,1239,373,72004
06,Alpes-Maritimes,56102,58656,57576,59021,55109,58924,62560,65251,69377,73515,74755,69522,65983,70162,54840,45881,39567,28769,14273,3861,1083704,29015,30074,29369,30307,27954,28493,30433,31475,33925,35527,35714,33109,30724,31866,24404,19871,15860,9917,4026,870,512933,27087,28582,28207,28714,27155,30431,32127,33776,35452,37988,39041,36413,35259,38296,30436,26010,23707,18852,10247,2991,570771
07,Ardèche,16756,19025,20230,17022,12838,15133,16801,17957,21565,22636,23280,22564,23032,23705,15757,13065,10987,7870,4056,878,325157,8561,9696,10379,8871,6680,7512,8309,8712,10752,11419,11582,11152,11211,11688,7500,5989,4553,2734,1183,178,158661,8195,9329,9851,8151,6158,7621,8492,9245,10813,11217,11698,11412,11821,12017,8257,7076,6434,5136,2873,700,166496
08,Ardennes,15182,17068,17501,16158,13047,14995,15703,15516,18128,18648,19767,19394,19111,18127,9911,10051,8757,5500,2384,423,275371,7665,8702,9052,8479,6804,7496,7728,7664,8986,9236,10035,9477,9286,8824,4659,4298,3325,1721,627,94,134158,7517,8366,8449,7679,6243,7499,7975,7852,9142,9412,9732,9917,9825,9303,5252,5753,5432,3779,1757,329,141213
09,Ariège,7308,8474,8737,7794,6302,6935,7611,8529,9812,10210,11066,11158,11368,11266,7437,6285,5985,4291,2059,440,153067,3729,4460,4438,4084,3507,3621,3750,4168,4789,5053,5477,5498,5687,5663,3550,2843,2477,1592,589,102,75077,3579,4014,4299,3710,2795,3314,3861,4361,5023,5157,5589,5660,5681,5603,3887,3442,3508,2699,1470,338,77990
10,Aube,17723,19778,19245,18695,16722,17348,17857,17750,19965,20218,20440,19939,20057,20270,12105,10917,9530,6402,3155,794,308910,9011,10136,9878,9761,8748,8545,8796,8804,9895,10002,10169,9674,9588,9748,5617,4634,3670,2118,856,188,149838,8712,9642,9367,8934,7974,8803,9061,8946,10070,10216,10271,10265,10469,10522,6488,6283,5860,4284,2299,606,159072
11,Aude,18280,21102,21455,19491,15503,17203,18906,20308,23404,25044,25213,24614,26616,27671,19274,14925,13556,9508,4765,1187,368025,9391,10573,11046,9946,8034,8502,9043,9801,11314,12250,12493,11853,12861,13346,9014,6699,5640,3490,1427,264,176987,8889,10529,10409,9545,7469,8701,9863,10507,12090,12794,12720,12761,13755,14325,10260,8226,7916,6018,3338,923,191038
12,Aveyron,12872,14993,15637,14419,10857,12296,14168,14734,17198,18786,19708,19889,20315,20753,13634,12814,11967,8502,4217,938,278697,6714,7690,8040,7784,5971,6261,7005,7374,8648,9447,10055,9867,10236,10178,6511,5741,4944,3174,1227,206,137073,6158,7303,7597,6635,4886,6035,7163,7360,8550,9339,9653,10022,10079,10575,7123,7073,7023,5328,2990,732,141624
13,Bouches-du-Rhône,119869,122479,119556,123189,121190,120681,124540,124108,132565,136767,135078,126732,120070,116941,85454,69120,57853,39286,19386,4853,2019717,61421,62590,61078,62396,61238,59677,59654,59900,64393,65849,64500,60410,56190,54359,39364,30391,23190,13537,5459,969,966565,58448,59889,58478,60793,59952,61004,64886,64208,68172,70918,70578,66322,63880,62582,46090,38729,34663,25749,13927,3884,1053152
14,Calvados,37115,42651,42964,45821,41332,37824,39389,40271,44408,45085,45254,45414,46873,44796,26722,23985,21105,14004,6989,1677,693679,19060,21889,22125,23304,20782,18561,19330,19833,21983,22272,22031,21969,22396,21158,12128,10141,7882,4454,1805,331,333434,18055,20762,20839,22517,20550,19263,20059,20438,22425,22813,23223,23445,24477,23638,14594,13844,13223,9550,5184,1346,360245
15,Cantal,6193,7166,7770,6745,5628,6295,7096,7561,9249,9923,10878,11075,11377,11399,7238,6919,6291,4449,2214,503,145969,3114,3583,3949,3486,2992,3162,3574,3801,4656,5063,5467,5634,5784,5665,3354,3046,2534,1525,643,102,71134,3079,3583,3821,3259,2636,3133,3522,3760,4593,4860,5411,5441,5593,5734,3884,3873,3757,2924,1571,401,74835
16,Charente,17288,19377,19684,18944,15867,17381,18431,18987,22371,23996,25301,25530,26110,25195,16308,14327,13382,9206,4446,1157,353288,8885,9968,10121,9950,8369,8697,9246,9365,11006,11818,12437,12332,12641,12164,7525,6407,5447,3236,1219,227,171060,8403,9409,9563,8994,7498,8684,9185,9622,11365,12178,12864,13198,13469,13031,8783,7920,7935,5970,3227,930,182228
17,Charente-Maritime,29554,34130,36066,34404,28815,29057,32671,33823,40555,42344,42518,43745,48629,52286,33545,28144,24176,17169,8511,2049,642191,14984,17561,18375,18084,15189,14341,15980,16510,19871,20755,20513,20699,22717,24696,15718,12461,10002,5957,2544,478,307435,14570,16569,17691,16320,13626,14716,16691,17313,20684,21589,22005,23046,25912,27590,17827,15683,14174,11212,5967,1571,334756
18,Cher,15468,17306,17474,16303,13431,14829,16134,15906,19291,20942,21817,21633,22191,22826,14498,13212,11495,7680,3820,854,307110,7847,8916,8959,8556,7179,7502,7999,7788,9653,10352,10755,10584,10688,11018,6935,5861,4637,2641,1065,169,149104,7621,8390,8515,7747,6252,7327,8135,8118,9638,10590,11062,11049,11503,11808,7563,7351,6858,5039,2755,685,158006
19,Corrèze,10652,12697,13173,12422,10752,11195,11980,12912,15195,16039,16659,17306,17880,18204,11741,10659,10232,7176,3810,851,241535,5591,6429,6832,6583,5959,5828,6026,6400,7673,8023,8177,8516,8575,8823,5376,4660,4082,2423,1016,182,117174,5061,6268,6341,5839,4793,5367,5954,6512,7522,8016,8482,8790,9305,9381,6365,5999,6150,4753,2794,669,124361
2A,Corse-du-Sud,7449,8117,7808,7387,6919,8734,9474,9585,10617,11290,11526,10303,10098,10115,7967,6742,5156,3309,1364,343,154303,3833,4289,3975,3862,3509,4259,4427,4476,5311,5537,5563,5105,5019,4881,3578,3203,2167,1203,392,98,74687,3616,3828,3833,3525,3410,4475,5047,5109,5306,5753,5963,5198,5079,5234,4389,3539,2989,2106,972,245,79616
2B,Haute-Corse,8571,9329,9353,9653,8902,9989,10933,10815,12010,12496,12205,11666,11428,11524,8596,7242,5661,3707,1654,418,176152,4405,4879,4805,4956,4529,4947,5342,5380,5871,6239,5954,5760,5670,5571,4102,3401,2322,1432,453,94,86112,4166,4450,4548,4697,4373,5042,5591,5435,6139,6257,6251,5906,5758,5953,4494,3841,3339,2275,1201,324,90040
21,Côte-d'Or,28124,30238,30950,36269,35165,32414,31334,30968,34498,34928,35127,34788,33489,32976,20738,17865,15438,10972,5544,1388,533213,14385,15548,15915,18116,17471,16323,15629,15131,17014,17313,17182,16792,16134,15571,9779,7720,6112,3710,1491,273,257609,13739,14690,15035,18153,17694,16091,15705,15837,17484,17615,17945,17996,17355,17405,10959,10145,9326,7262,4053,1115,275604
22,Côtes-d'Armor,30236,35791,37322,33552,24059,26572,29789,31947,38145,39254,39825,41425,43296,45711,27815,26197,23128,15903,7254,1732,598953,15277,18199,19185,17486,12642,13304,14748,15744,19182,19491,19909,20424,21030,21853,12856,11304,8994,5184,1878,289,288979,14959,17592,18137,16066,11417,13268,15041,16203,18963,19763,19916,21001,22266,23858,14959,14893,14134,10719,5376,1443,309974
23,Creuse,4752,5581,5951,5567,4399,4965,5223,5640,6992,7898,8644,9441,9747,10167,6037,5879,5651,4255,2221,492,119502,2383,2852,3049,3019,2303,2545,2626,2800,3566,4073,4280,4674,4913,5077,2917,2573,2230,1483,636,95,58094,2369,2729,2902,2548,2096,2420,2597,2840,3426,3825,4364,4767,4834,5090,3120,3306,3421,2772,1585,397,61408
24,Dordogne,17447,21090,22460,20773,15415,17477,19120,20941,25434,27661,29873,30934,32459,34595,22119,19453,17626,12267,6205,1440,414789,8964,10847,11407,10794,8132,8743,9498,10206,12447,13518,14634,15081,15726,16732,10443,8789,7262,4439,1808,301,199771,8483,10243,11053,9979,7283,8734,9622,10735,12987,14143,15239,15853,16733,17863,11676,10664,10364,7828,4397,1139,215018
25,Doubs,32522,34721,33322,34811,32900,33271,33985,33337,34670,35402,34475,33466,31456,31398,20170,17983,15198,9908,4484,1070,538549,16587,17785,17109,17892,16733,16757,16896,16856,17354,17863,17168,16001,14947,15097,9480,7983,6099,3502,1240,235,263584,15935,16936,16213,16919,16167,16514,17089,16481,17316,17539,17307,17465,16509,16301,10690,10000,9099,6406,3244,835,274965
26,Drôme,30140,32961,33140,28693,23365,26730,29469,29949,33069,34974,34632,33341,32577,32608,22718,18154,15313,10242,4876,1055,508006,15505,16919,16957,15161,12264,13089,14438,14585,16265,17207,17011,16225,15584,15466,10633,8185,6147,3628,1449,232,246950,14635,16042,16183,13532,11101,13641,15031,15364,16804,17767,17621,17116,16993,17142,12085,9969,9166,6614,3427,823,261056
27,Eure,37099,42218,41733,36467,27195,32367,36431,37756,42262,41995,41167,39919,38582,36664,21523,18404,15373,10103,4465,1102,602825,18750,21441,21730,19163,14008,15768,17639,18598,21086,21003,20413,19578,18553,17874,10039,8055,5955,3478,1169,214,294514,18349,20777,20003,17304,13187,16599,18792,19158,21176,20992,20754,20341,20029,18790,11484,10349,9418,6625,3296,888,308311
28,Eure-et-Loir,26454,29551,29315,24768,19644,23072,25910,26616,29545,29577,29573,28547,27783,26650,15893,14370,12438,8734,4489,1000,433929,13453,14974,15012,12840,10361,11317,12596,13094,14740,14892,14656,13871,13495,13074,7342,6408,4954,3163,1364,209,211815,13001,14577,14303,11928,9283,11755,13314,13522,14805,14685,14917,14676,14288,13576,8551,7962,7484,5571,3125,791,222114
29,Finistère,46657,52918,55244,55223,45550,45919,50140,52092,59763,60581,62543,62620,61916,61713,36296,35996,31075,20926,9079,1998,908249,24057,26923,28335,28564,24608,23779,25170,26264,30403,30258,31375,30620,29948,29299,16394,14842,11521,6454,2230,347,441391,22600,25995,26909,26659,20942,22140,24970,25828,29360,30323,31168,32000,31968,32414,19902,21154,19554,14472,6849,1651,466858
30,Gard,40096,44907,45697,44176,35688,37285,40927,42152,47308,51072,51916,50560,49883,50394,35193,26680,23224,15484,7541,1823,742006,20297,23044,23315,22867,18429,18352,19786,20430,22869,25048,25039,24088,24199,23983,16307,11904,9611,5512,2224,434,357738,19799,21863,22382,21309,17259,18933,21141,21722,24439,26024,26877,26472,25684,26411,18886,14776,13613,9972,5317,1389,384268
31,Haute-Garonne,80301,81267,77076,91868,100517,96248,95273,92100,91940,90777,89137,78368,69353,66350,44489,35782,31722,22092,10780,2743,1348183,40737,41757,39865,45478,49800,47736,48072,46662,45671,44763,44110,38268,33121,30700,20427,15824,12842,7712,3020,622,657187,39564,39510,37211,46390,50717,48512,47201,45438,46269,46014,45027,40100,36232,35650,24062,19958,18880,14380,7760,2121,690996
32,Gers,8504,10072,10892,9536,6819,7869,8921,9909,12065,13230,14161,14097,14512,14498,9631,8697,7988,5751,2867,645,190664,4358,5190,5586,5000,3626,3899,4334,4846,5948,6622,7065,6910,7145,7056,4694,3998,3499,2187,925,153,93041,4146,4882,5306,4536,3193,3970,4587,5063,6117,6608,7096,7187,7367,7442,4937,4699,4489,3564,1942,492,97623
33,Gironde,85427,93619,92003,100424,102353,96283,98658,101401,110424,107816,102488,96847,92635,92197,57820,46818,41689,29384,14706,3687,1566679,43769,47578,47668,50522,50098,47181,48229,49911,54627,52933,49481,46449,43544,43133,26393,20530,16554,9745,3970,737,753052,41658,46041,44335,49902,52255,49102,50429,51490,55797,54883,53007,50398,49091,49064,31427,26288,25135,19639,10736,2950,813627
34,Hérault,62213,65263,64090,72942,73953,68233,68058,67717,72426,74240,72642,68616,69417,72817,50948,38677,33465,22883,11095,2786,1132481,31681,33629,32853,37025,36345,33434,32934,33083,35227,36036,34625,32250,32233,33721,23831,17256,13665,8305,3123,663,541919,30532,31634,31237,35917,37608,34799,35124,34634,37199,38204,38017,36366,37184,39096,27117,21421,19800,14578,7972,2123,590562
35,Ille-et-Vilaine,63300,69649,68807,70691,71408,64231,66305,67346,73045,70519,67656,62285,57228,56278,33444,32599,27570,18763,8719,1936,1051779,32423,35744,35011,35503,35992,32420,32878,33850,37000,35285,33836,30641,27541,26390,14998,14305,10673,6453,2363,351,513657,30877,33905,33796,35188,35416,31811,33427,33496,36045,35234,33820,31644,29687,29888,18446,18294,16897,12310,6356,1585,538122
36,Indre,10120,11768,12566,11489,9047,9776,10655,11137,14050,15307,15638,16097,16940,17148,11234,10366,9626,6630,3178,733,223505,5120,6014,6395,5976,4798,4790,5226,5519,6975,7593,7761,7921,8347,8314,5221,4552,3806,2338,858,156,107680,5000,5754,6171,5513,4249,4986,5429,5618,7075,7714,7877,8176,8593,8834,6013,5814,5820,4292,2320,577,115825
37,Indre-et-Loire,32969,36380,36725,39349,35334,34060,34952,34676,40025,40445,39445,38828,38443,37762,24230,21693,19118,13336,6687,1766,606223,16737,18707,18818,19432,17151,16762,17300,17044,19931,19844,19186,19074,18275,17710,11034,9632,7695,4723,1993,375,291423,16232,17673,17907,19917,18183,17298,17652,17632,20094,20601,20259,19754,20168,20052,13196,12061,11423,8613,4694,1391,314800
38,Isère,76933,83477,82508,80128,76389,72637,77579,78884,86225,87046,84217,76870,71344,68535,47276,38019,31479,21231,9956,2179,1252912,39142,42784,42644,41224,39722,36619,38327,39064,43410,43518,41708,37668,34316,32635,22260,16930,12936,7209,2809,442,615367,37791,40693,39864,38904,36667,36018,39252,39820,42815,43528,42509,39202,37028,35900,25016,21089,18543,14022,7147,1737,637545
39,Jura,13620,15771,16497,14753,11276,12778,14351,14710,16951,18352,18485,17753,17434,17375,11712,9879,8796,6211,3099,714,260517,6967,8012,8471,7754,5837,6441,7117,7325,8304,9227,9298,8734,8551,8422,5549,4410,3465,2118,903,155,127060,6653,7759,8026,6999,5439,6337,7234,7385,8647,9125,9187,9019,8883,8953,6163,5469,5331,4093,2196,559,133457
40,Landes,19514,22919,23601,20830,15765,18803,21679,23689,27531,28657,28687,27830,28989,30366,19277,16791,14482,9796,4617,1187,405010,10024,11793,12065,10754,8263,9452,10704,11787,13556,14291,14270,13483,13915,14520,9066,7498,6010,3423,1263,344,196481,9490,11126,11536,10076,7502,9351,10975,11902,13975,14366,14417,14347,15074,15846,10211,9293,8472,6373,3354,843,208529
41,Loir-et-Cher,17540,19857,20630,18299,14148,15952,17265,18093,21812,22922,22496,22794,23192,23252,14430,13686,12305,8703,4282,1111,332769,8906,10060,10552,9615,7430,7959,8568,8795,10765,11526,11231,11072,11371,11186,6795,6146,5059,3178,1261,254,161729,8634,9797,10078,8684,6718,7993,8697,9298,11047,11396,11265,11722,11821,12066,7635,7540,7246,5525,3021,857,171040
42,Loire,45181,47842,47604,47192,41511,40251,43534,43316,48871,49721,49130,47450,47198,49035,32057,28796,25324,17604,8446,1934,761997,23211,24626,24329,24136,21149,19708,21694,21344,24486,24773,24126,22963,22467,23079,15200,12459,9673,5769,2247,375,367814,21970,23216,23275,23056,20362,20543,21840,21972,24385,24948,25004,24487,24731,25956,16857,16337,15651,11835,6199,1559,394183
43,Haute-Loire,11509,13358,14444,12761,9284,10602,11691,12813,15206,15891,15998,16125,15746,16162,9936,9114,7964,5564,2608,563,227339,5986,6807,7419,6718,4969,5432,5923,6380,7642,8100,8037,8125,7933,8043,4636,4077,3045,1782,682,121,111857,5523,6551,7025,6043,4315,5170,5768,6433,7564,7791,7961,8000,7813,8119,5300,5037,4919,3782,1926,442,115482
44,Loire-Atlantique,84512,92257,90673,88737,82510,83545,89243,90010,96114,92640,88896,82374,79505,78487,46242,41548,35385,23538,11854,2782,1380852,43085,47357,46553,45381,41587,42090,44309,44868,47676,46045,43779,40059,37550,36816,20907,17659,13400,7453,3127,550,670251,41427,44900,44120,43356,40923,41455,44934,45142,48438,46595,45117,42315,41955,41671,25335,23889,21985,16085,8727,2232,710601
45,Loiret,41447,44866,43916,41048,36019,38919,40309,40680,45036,44922,44280,42891,41086,41067,25064,22170,19525,13246,6212,1627,674330,21181,22962,22410,21374,18632,19155,19536,19979,22386,22362,21897,20871,19813,19570,11765,9756,7820,4794,1807,367,328437,20266,21904,21506,19674,17387,19764,20773,20701,22650,22560,22383,22020,21273,21497,13299,12414,11705,8452,4405,1260,345893
46,Lot,7036,8477,9238,8502,6383,6963,7754,8539,10490,11329,12472,13190,13909,14517,9596,8552,7542,5392,2843,623,173347,3546,4305,4676,4446,3484,3558,3808,4226,5234,5568,6101,6386,6763,7224,4560,3977,3138,1965,829,153,83947,3490,4172,4562,4056,2899,3405,3946,4313,5256,5761,6371,6804,7146,7293,5036,4575,4404,3427,2014,470,89400
47,Lot-et-Garonne,16759,18748,19143,17686,14052,16192,17397,17745,20399,21698,23154,22905,23829,24145,16719,14377,13012,9143,4674,1056,332833,8614,9581,9773,9071,7189,8082,8427,8664,10097,10586,11281,10937,11434,11609,7826,6587,5401,3373,1415,229,160176,8145,9167,9370,8615,6863,8110,8970,9081,10302,11112,11873,11968,12395,12536,8893,7790,7611,5770,3259,827,172657
48,Lozère,3539,4213,4297,4275,3433,3531,3930,4127,4913,5332,5452,5475,5510,5498,3543,3208,2821,2034,1015,276,76422,1779,2167,2244,2246,1834,1718,1992,2014,2495,2784,2840,2811,2831,2826,1729,1460,1206,736,288,60,38060,1760,2046,2053,2029,1599,1813,1938,2113,2418,2548,2612,2664,2679,2672,1814,1748,1615,1298,727,216,38362
49,Maine-et-Loire,46959,54548,55093,55177,47445,45116,47776,48363,53262,51984,52278,50459,48503,46757,28690,26445,23837,16995,8973,2274,810934,24067,27896,28176,27915,23568,22420,23694,24314,26712,26114,25840,24599,23472,22251,13258,11635,9618,5923,2734,471,394677,22892,26652,26917,27262,23877,22696,24082,24049,26550,25870,26438,25860,25031,24506,15432,14810,14219,11072,6239,1803,416257
50,Manche,25225,28641,30519,27842,22547,24807,26160,26738,30677,32906,35653,35307,34578,35171,21162,21255,19177,12754,5904,1339,498362,12926,14621,15623,14468,11896,12734,13270,13347,15174,16463,17967,17748,17007,17035,9815,9210,7536,4348,1623,249,243060,12299,14020,14896,13374,10651,12073,12890,13391,15503,16443,17686,17559,17571,18136,11347,12045,11641,8406,4281,1090,255302
51,Marne,33422,35390,34595,37055,37587,35630,34998,34056,37265,37573,37506,36689,35466,34621,19740,18080,15102,9989,4960,1159,570883,16831,17993,17934,19309,19159,17850,17562,16890,18456,18566,18457,17524,16719,16439,9070,7728,5752,3351,1278,232,277100,16591,17397,16661,17746,18428,17780,17436,17166,18809,19007,19049,19165,18747,18182,10670,10352,9350,6638,3682,927,293783
52,Haute-Marne,9041,9786,10101,9646,8283,9611,9626,9322,10880,11822,12818,12883,12824,12759,7702,7508,6386,4584,2021,481,178084,4626,4955,5129,5032,4541,5098,4859,4671,5509,5945,6386,6220,6281,6164,3657,3321,2500,1556,553,87,87090,4415,4831,4972,4614,3742,4513,4767,4651,5371,5877,6432,6663,6543,6595,4045,4187,3886,3028,1468,394,90994
53,Mayenne,18066,20744,21222,18809,14154,15249,16899,17869,20163,20541,20480,20280,19222,19091,11199,11346,10690,7280,3612,772,307688,9080,10668,10817,9891,7540,7587,8480,8939,10280,10342,10349,10320,9389,9099,5284,4908,4582,2706,1031,150,151442,8986,10076,10405,8918,6614,7662,8419,8930,9883,10199,10131,9960,9833,9992,5915,6438,6108,4574,2581,622,156246
54,Meurthe-et-Moselle,40775,43510,43033,49465,51501,45800,45829,44176,47048,47288,48365,47129,45341,43078,24815,24667,20944,13811,6042,1204,733821,20970,22348,21854,25384,26253,23063,22872,22230,23422,23649,23727,22597,21695,20624,11235,10613,7892,4518,1555,225,356726,19805,21162,21179,24081,25248,22737,22957,21946,23626,23639,24638,24532,23646,22454,13580,14054,13052,9293,4487,979,377095
55,Meuse,10181,11246,11856,10896,8575,10265,10981,10463,11918,12610,13458,13581,13426,12834,7015,7029,6306,4197,1892,326,189055,5220,5654,6113,5908,4635,5272,5624,5305,5958,6347,6798,6892,6556,6415,3332,3076,2458,1326,480,61,93430,4961,5592,5743,4988,3940,4993,5357,5158,5960,6263,6660,6689,6870,6419,3683,3953,3848,2871,1412,265,95625
56,Morbihan,38642,44469,46516,42595,32225,35003,39542,42185,48786,50424,51578,52312,52207,55076,32379,30953,26122,16748,7959,1827,747548,19555,22783,23809,22523,16962,17798,19690,21070,24337,25124,25535,25450,24857,26315,14836,13409,10111,5338,2106,359,361967,19087,21686,22707,20072,15263,17205,19852,21115,24449,25300,26043,26862,27350,28761,17543,17544,16011,11410,5853,1468,385581
57,Moselle,57105,60868,60898,58693,56889,64007,66955,64114,68850,72876,77891,74387,69355,60331,37979,37683,29486,18354,7103,1447,1045271,29351,30943,31312,30791,29567,32423,33452,32114,34434,36360,38643,36117,33545,29008,17506,16391,11414,6151,1801,277,511600,27754,29925,29586,27902,27322,31584,33503,32000,34416,36516,39248,38270,35810,31323,20473,21292,18072,12203,5302,1170,533671
58,Nièvre,9183,10446,11260,10361,8468,8979,10011,10326,11972,13364,14429,15553,16829,17691,10696,10411,9024,6366,3046,746,209161,4696,5427,5826,5498,4550,4507,5051,5067,6058,6633,7127,7623,8174,8630,4924,4520,3460,2039,826,151,100787,4487,5019,5434,4863,3918,4472,4960,5259,5914,6731,7302,7930,8655,9061,5772,5891,5564,4327,2220,595,108374
59,Nord,170726,175942,172402,178513,176027,169176,169909,163654,172007,165758,167146,159191,148542,140334,75938,73383,62570,40730,18216,3559,2603723,87183,90060,88427,90999,88507,83638,83209,81421,85518,81683,82076,76473,69685,65034,33799,29697,22255,12434,4486,659,1257243,83543,85882,83975,87514,87520,85538,86700,82233,86489,84075,85070,82718,78857,75300,42139,43686,40315,28296,13730,2900,1346480
60,Oise,53736,57519,57009,51576,43847,49274,51789,53005,57840,58231,57179,52870,49555,45541,25891,21999,18298,11795,5394,1194,823542,27357,29348,28944,26787,22420,24151,25188,25980,28916,29541,28284,25824,23984,22128,12117,9492,7189,4033,1396,221,403300,26379,28171,28065,24789,21427,25123,26601,27025,28924,28690,28895,27046,25571,23413,13774,12507,11109,7762,3998,973,420242
61,Orne,14226,16868,17465,16242,12446,12884,14558,14879,17367,18768,19632,20218,20634,20895,12478,12128,11153,7772,3804,891,285308,7173,8683,8977,8472,6504,6481,7268,7440,8738,9390,9752,10081,10130,10168,5806,5290,4504,2755,1092,192,138896,7053,8185,8488,7770,5942,6403,7290,7439,8629,9378,9880,10137,10504,10727,6672,6838,6649,5017,2712,699,146412
62,Pas-de-Calais,92051,99883,99325,94333,80253,85447,91789,89099,98749,96368,97917,96697,92888,87892,45771,45054,39083,25209,10771,2146,1470725,47096,51086,50440,49472,41628,42948,45680,44131,49071,48116,48832,47119,43993,40935,20293,18072,13457,7451,2555,416,712791,44955,48797,48885,44861,38625,42499,46109,44968,49678,48252,49085,49578,48895,46957,25478,26982,25626,17758,8216,1730,757934
63,Puy-de-Dôme,33641,36708,36618,40095,39237,37368,37876,38324,42947,43399,43604,43472,42760,42560,27176,23014,20018,13836,6533,1514,650700,17142,18743,18509,20340,19701,18867,18904,19012,21726,21618,21489,21242,20546,20186,12760,9961,7777,4367,1692,258,314840,16499,17965,18109,19755,19536,18501,18972,19312,21221,21781,22115,22230,22214,22374,14416,13053,12241,9469,4841,1256,335860
64,Pyrénées-Atlantiques,32696,36655,38534,37821,32389,34107,37711,39700,44528,47171,47691,46038,44829,44410,30627,27343,24684,16547,8454,2051,673986,16863,18729,19683,19629,16851,16952,18694,19604,21877,23450,23107,22211,21456,20798,13884,11835,10038,5601,2218,386,323866,15833,17926,18851,18192,15538,17155,19017,20096,22651,23721,24584,23827,23373,23612,16743,15508,14646,10946,6236,1665,350120
65,Hautes-Pyrénées,10099,11319,12517,12159,10078,10258,10946,11784,13809,15714,16429,16729,16992,17190,11248,10356,9539,6645,3152,866,227829,5189,5881,6362,6407,5493,5203,5387,5812,6726,7774,8080,7987,8196,8267,5176,4474,3804,2259,872,140,109489,4910,5438,6155,5752,4585,5055,5559,5972,7083,7940,8349,8742,8796,8923,6072,5882,5735,4386,2280,726,118340
66,Pyrénées-Orientales,24430,27374,27622,26424,21531,23375,24661,25984,29770,31300,31690,30778,31732,35372,24433,20517,17957,12170,5807,1442,474369,12464,14045,14171,13582,11257,11271,11766,12403,14356,15086,15246,14669,15175,16292,11215,8965,7442,4259,1669,308,225641,11966,13329,13451,12842,10274,12104,12895,13581,15414,16214,16444,16109,16557,19080,13218,11552,10515,7911,4138,1134,248728
67,Bas-Rhin,62326,65846,64922,70503,73144,71886,70861,69926,75421,79240,80219,74805,69244,60282,39562,35921,28913,18486,8239,1661,1121407,31982,33876,32793,35524,36043,35800,34662,34690,37322,39690,39716,36290,33790,29287,18713,15836,11323,6005,1902,279,545523,30344,31970,32129,34979,37101,36086,36199,35236,38099,39550,40503,38515,35454,30995,20849,20085,17590,12481,6337,1382,575884
68,Haut-Rhin,43780,46942,46728,43769,37927,44124,47372,47077,52238,55387,55421,52735,49341,43440,28849,25581,21436,13770,5719,1107,762743,22532,24006,23962,22580,19511,21864,23301,23298,25974,27704,27723,25770,24099,21387,13729,11533,8386,4580,1429,221,373589,21248,22936,22766,21189,18416,22260,24071,23779,26264,27683,27698,26965,25242,22053,15120,14048,13050,9190,4290,886,389154
69,Rhône,121409,118205,111567,121624,140330,131775,127309,119423,119299,116410,113285,100520,91688,90302,63727,52864,46401,31602,14724,3439,1835903,61827,60648,57048,60261,68090,64302,61978,59012,60098,57137,54919,48110,42418,41644,29145,22988,18042,10593,4018,666,882944,59582,57557,54519,61363,72240,67473,65331,60411,59201,59273,58366,52410,49270,48658,34582,29876,28359,21009,10706,2773,952959
70,Haute-Saône,12655,14779,14999,13384,9770,11216,13097,13554,15881,16407,16921,16834,16740,16719,10066,9161,7351,5067,2165,476,237242,6533,7695,7779,6999,5123,5659,6501,6643,8042,8403,8464,8311,8236,8215,4813,4158,2905,1766,607,103,116955,6122,7084,7220,6385,4647,5557,6596,6911,7839,8004,8457,8523,8504,8504,5253,5003,4446,3301,1558,373,120287
71,Saône-et-Loire,28417,31459,32620,29386,23573,26425,29168,29640,34695,37342,39175,38723,39730,40325,26201,23838,20757,14568,7289,1692,555023,14618,16108,16620,15555,12737,13153,14586,14775,17275,18424,19566,19014,19316,19470,12218,10468,8226,4978,2078,345,269530,13799,15351,16000,13831,10836,13272,14582,14865,17420,18918,19609,19709,20414,20855,13983,13370,12531,9590,5211,1347,285493
72,Sarthe,32762,36525,37178,34883,28743,28873,31450,32270,37444,37910,37750,37274,36827,35621,22234,20582,18776,12904,6092,1463,567561,16834,18655,18893,17933,14871,14276,15484,16032,18678,18881,18827,18242,17890,17233,10206,9023,7553,4562,1760,317,276150,15928,17870,18285,16950,13872,14597,15966,16238,18766,19029,18923,19032,18937,18388,12028,11559,11223,8342,4332,1146,291411
73,Savoie,23575,26219,26297,25380,21636,23898,25781,26797,29643,30812,30564,28494,26769,25613,17718,14576,12590,8437,4013,869,429681,11944,13426,13394,13358,11166,12065,12893,13423,14902,15439,15352,14162,12922,12222,8211,6416,5113,2837,1111,169,210525,11631,12793,12903,12022,10470,11833,12888,13374,14741,15373,15212,14332,13847,13391,9507,8160,7477,5600,2902,700,219156
74,Haute-Savoie,50918,53549,51111,44347,40352,51741,57404,57590,59119,59138,55950,48256,43248,41766,28600,22053,17760,11718,5514,1282,801416,26178,27304,26311,23242,21082,25789,28532,28386,29505,29497,27954,23431,20657,19834,13411,9934,6884,3905,1478,294,393608,24740,26245,24800,21105,19270,25952,28872,29204,29614,29641,27996,24825,22591,21932,15189,12119,10876,7813,4036,988,407808
75,Paris,110994,102465,98599,114405,178093,220636,180561,158039,151201,140829,136951,123982,115523,114457,76420,60747,48587,34384,18138,5316,2190327,56587,51989,49940,54941,80106,104515,88111,77972,75844,68418,65415,57598,52213,51168,33730,25662,18391,11410,4915,1354,1030279,54407,50476,48659,59464,97987,116121,92450,80067,75357,72411,71536,66384,63310,63289,42690,35085,30196,22974,13223,3962,1160048
76,Seine-Maritime,74827,79171,78547,80481,75868,75360,77449,72732,80749,81470,83588,82244,79238,74935,45548,41238,35159,23373,11103,2675,1255755,38134,41043,40011,40693,38368,37166,37799,35865,39749,39967,40545,39545,37490,35042,20757,17221,12947,7677,2889,496,603404,36693,38128,38536,39788,37500,38194,39650,36867,41000,41503,43043,42699,41748,39893,24791,24017,22212,15696,8214,2179,652351
77,Seine-et-Marne,96022,102545,99655,93104,81956,88522,93207,94917,101136,99792,96055,85999,75163,66522,39100,31856,25626,16394,8014,2080,1397665,49178,52713,50865,47424,40718,42649,44666,45609,50003,49016,47437,42201,36120,32214,18259,14111,10138,5566,2068,498,681453,46844,49832,48790,45680,41238,45873,48541,49308,51133,50776,48618,43798,39043,34308,20841,17745,15488,10828,5946,1582,716212
78,Yvelines,94464,100828,99181,92636,80212,82696,89943,95804,103662,101005,98967,89525,77183,72164,47703,40668,32330,21050,9362,2425,1431808,48335,51967,50132,47827,40813,40741,43109,47153,51662,49428,48038,43039,36368,34224,22630,17935,12801,7534,2559,535,696830,46129,48861,49049,44809,39399,41955,46834,48651,52000,51577,50929,46486,40815,37940,25073,22733,19529,13516,6803,1890,734978
79,Deux-Sèvres,19891,23387,24242,20979,15551,17701,20610,21507,25257,25355,26399,25992,25206,24487,15473,14685,13105,9174,4635,1107,374743,10041,11880,12523,11135,8124,8819,10145,10720,12667,12576,13147,12790,12448,11901,7290,6544,5494,3380,1486,224,183334,9850,11507,11719,9844,7427,8882,10465,10787,12590,12779,13252,13202,12758,12586,8183,8141,7611,5794,3149,883,191409
80,Somme,32749,35022,36059,38457,35880,33476,34053,33574,37766,38030,37730,37017,36475,35030,20683,18447,15739,10768,4786,1003,572744,16812,17929,18477,19496,17914,16887,16909,16579,18763,19046,18671,17858,17671,16798,9475,7807,5979,3552,1295,217,278135,15937,17093,17582,18961,17966,16589,17144,16995,19003,18984,19059,19159,18804,18232,11208,10640,9760,7216,3491,786,294609
81,Tarn,19515,22374,22688,21865,16797,17472,19906,21592,24569,26568,26662,26514,26629,26738,17733,15711,15207,10900,5742,1266,386448,10002,11473,11445,11251,8613,8616,9794,10664,11976,13034,13052,12993,12841,12723,8310,7015,6262,3966,1772,311,186113,9513,10901,11243,10614,8184,8856,10112,10928,12593,13534,13610,13521,13788,14015,9423,8696,8945,6934,3970,955,200335
82,Tarn-et-Garonne,14845,16897,16876,14215,10840,12559,14394,16014,17495,17337,17927,16629,16632,16356,10682,9152,8410,5894,3083,660,256897,7643,8689,8622,7426,5760,6089,6982,7855,8772,8565,8863,8254,8040,8011,5122,4090,3481,2143,920,150,125477,7202,8208,8254,6789,5080,6470,7412,8159,8723,8772,9064,8375,8592,8345,5560,5062,4929,3751,2163,510,131420
83,Var,52577,57704,57982,56235,48510,52383,57634,58527,66415,70893,73024,70305,70405,77599,58994,46486,38919,25427,12481,3321,1055821,26730,29556,30046,29205,25304,26579,28264,28764,32253,34299,35446,33343,33016,36420,27127,21008,16684,9183,3462,660,507349,25847,28148,27936,27030,23206,25804,29370,29763,34162,36594,37578,36962,37389,41179,31867,25478,22235,16244,9019,2661,548472
84,Vaucluse,32622,34350,34682,32886,27915,29696,31470,32084,35987,38618,38952,37008,35858,36190,25364,19973,17122,11600,5395,1242,559014,16758,17662,17694,16832,13923,14391,15426,15426,17627,18736,18899,17386,17133,17164,11905,8756,6928,3937,1545,233,268361,15864,16688,16988,16054,13992,15305,16044,16658,18360,19882,20053,19622,18725,19026,13459,11217,10194,7663,3850,1009,290653
85,Vendée,36160,42468,43126,36831,27276,31607,37433,39581,44376,43953,44161,44203,46915,49249,29378,26770,22843,15241,7345,1681,670597,18450,21619,22220,19206,14115,15919,18781,19926,22224,22268,21857,21627,22717,23704,13801,12197,9538,5334,2044,366,327913,17710,20849,20906,17625,13161,15688,18652,19655,22152,21685,22304,22576,24198,25545,15577,14573,13305,9907,5301,1315,342684
86,Vienne,23080,25598,26065,29291,27199,24071,24786,24550,27429,27966,28202,28558,28602,27208,17045,15822,14297,10036,4976,1288,436069,11940,12951,13364,14450,13494,11933,12121,12092,13565,13798,13923,13881,13862,13099,7977,7010,5915,3543,1423,275,210616,11140,12647,12701,14841,13705,12138,12665,12458,13864,14168,14279,14677,14740,14109,9068,8812,8382,6493,3553,1013,225453
87,Haute-Vienne,18574,20311,20514,22155,20668,18973,20046,20753,24071,24811,24854,25313,26159,26562,16712,14694,13998,9731,4954,1125,374978,9326,10375,10493,10926,10290,9383,9770,10270,11851,12370,12053,12172,12544,12630,7697,6415,5637,3282,1383,260,179127,9248,9936,10021,11229,10378,9590,10276,10483,12220,12441,12801,13141,13615,13932,9015,8279,8361,6449,3571,865,195851
88,Vosges,18198,21196,22444,20693,17454,18275,19868,19896,23445,25378,26711,26722,26726,26501,14841,15047,12743,8618,3983,902,369641,9234,10824,11375,10788,9245,9308,9855,9901,11771,12779,13249,13025,13153,12871,6906,6539,4799,2706,1005,137,179470,8964,10372,11069,9905,8209,8967,10013,9995,11674,12599,13462,13697,13573,13630,7935,8508,7944,5912,2978,765,190171
89,Yonne,18325,20747,21235,18508,14238,16633,18811,18922,21707,22861,22935,23741,24253,24478,14691,13497,11600,8120,4216,1026,340544,9384,10575,10897,9898,7390,8097,9294,9297,10755,11345,11426,11560,12011,11877,6950,6044,4629,2746,1200,216,165591,8941,10172,10338,8610,6848,8536,9517,9625,10952,11516,11509,12181,12242,12601,7741,7453,6971,5374,3016,810,174953
90,Territoire de Belfort,8444,9110,8995,8553,8841,8701,9151,8815,9460,9731,9640,9219,8790,8488,5131,4962,4074,2589,1145,250,144089,4410,4760,4634,4662,5018,4526,4661,4412,4741,5051,4716,4465,4139,4161,2368,2168,1586,889,254,55,71676,4034,4350,4361,3891,3823,4175,4490,4403,4719,4680,4924,4754,4651,4327,2763,2794,2488,1700,891,195,72413
91,Essonne,90479,92820,87346,83960,80087,84003,85533,86635,91859,89370,87415,77713,64539,59691,39254,32854,27333,16917,7597,1925,1287330,46059,47084,44654,43551,41148,40823,41094,42352,45701,44125,43320,38514,31252,28022,18164,14489,11036,6026,2111,398,629923,44420,45736,42692,40409,38939,43180,44439,44283,46158,45245,44095,39199,33287,31669,21090,18365,16297,10891,5486,1527,657407
92,Hauts-de-Seine,108877,104754,96674,92372,99478,118285,122837,121942,119299,110067,104516,91232,77015,71874,47878,39743,35245,24678,13153,3349,1603268,55449,53493,49241,47058,48696,57133,59082,58943,58438,52565,49276,42545,35548,32727,21463,16718,13443,8295,3497,736,764346,53428,51261,47433,45314,50782,61152,63755,62999,60861,57502,55240,48687,41467,39147,26415,23025,21802,16383,9656,2613,838922
93,Seine-Saint-Denis,131621,124183,109814,101314,105531,118133,122277,120208,114183,105655,100790,90610,77193,63052,38436,32524,25758,16435,7044,1899,1606660,66978,62931,55917,51862,52563,56097,58744,60473,58096,53085,49811,43841,37389,31011,18972,14578,9826,5956,1907,412,790449,64643,61252,53897,49452,52968,62036,63533,59735,56087,52570,50979,46769,39804,32041,19464,17946,15932,10479,5137,1487,816211
94,Val-de-Marne,95318,90513,85038,83562,90582,99246,99672,97840,97893,93142,92141,83065,69713,63134,40251,34199,30259,20331,9826,2426,1378151,48934,45923,43394,42690,45135,47371,47451,47553,48689,45323,44128,39991,32854,29119,18383,14328,11449,6748,2721,458,662642,46384,44590,41644,40872,45447,51875,52221,50287,49204,47819,48013,43074,36859,34015,21868,19871,18810,13583,7105,1968,715509
95,Val-d'Oise,91850,92025,85259,79811,76964,81253,85063,85190,85070,81213,80896,75205,64212,54497,32131,26397,21781,14523,6777,1806,1221923,46781,46814,43496,40446,38769,38708,40207,41259,42441,39481,39264,35845,30938,26355,15252,11559,8541,4818,1793,396,593163,45069,45211,41763,39365,38195,42545,44856,43931,42629,41732,41632,39360,33274,28142,16879,14838,13240,9705,4984,1410,628760
France métropolitaine ,,3759130,4011185,3967810,3907401,3658412,3827005,3973960,3978842,4311262,4342644,4338795,4131337,3949846,3855200,2461147,2148557,1849914,1253297,600361,142687,64468792,1920279,2051839,2030203,2002347,1850721,1888441,1947501,1962316,2141908,2147039,2129288,1999901,1889264,1829060,1138670,937517,729081,426408,164693,29726,31216202,1838851,1959346,1937607,1905054,1807691,1938564,2026459,2016526,2169354,2195605,2209507,2131436,2060582,2026140,1322477,1211040,1120833,826889,435668,112961,33252590
971,Guadeloupe ,22223,26088,29045,27739,19579,18126,19142,20599,28638,30362,31779,28666,24790,21482,15962,11970,8753,5304,2759,1104,394110,11104,13326,14768,14138,9984,8180,7738,8417,12219,13235,14562,13504,11320,9826,7161,5197,3516,1893,899,337,181324,11119,12762,14277,13601,9595,9946,11404,12182,16419,17127,17217,15162,13470,11656,8801,6773,5237,3411,1860,767,212786
972,Martinique ,18552,22508,24369,23986,18698,17897,17753,18370,25107,29978,33063,29404,25283,21133,16200,13697,10009,6111,3079,1283,376480,9352,11390,12199,12516,9461,8183,7611,7708,10683,13430,14841,13778,11610,9700,7416,5989,4157,2207,948,306,173485,9200,11118,12170,11470,9237,9714,10142,10662,14424,16548,18222,15626,13673,11433,8784,7708,5852,3904,2131,977,202995
973,Guyane,29112,30302,29116,24895,18147,19197,19564,19290,18015,16070,13147,10830,8268,5492,3332,2043,1269,795,350,118,269352,14730,15387,14687,12606,8901,9053,9140,9487,8830,8240,6599,5481,4208,2775,1678,933,498,299,85,42,133659,14382,14915,14429,12289,9246,10144,10424,9803,9185,7830,6548,5349,4060,2717,1654,1110,771,496,265,76,135693
974,La Réunion,62282,68358,71341,67158,53276,51255,51920,55394,59877,64496,62816,51363,43246,31292,21901,17076,10589,5903,2571,810,852924,31240,35106,36624,34153,26711,23646,23611,25233,28024,30741,30974,24790,20783,14934,10007,7192,4017,1931,683,158,410558,31042,33252,34717,33005,26565,27609,28309,30161,31853,33755,31842,26573,22463,16358,11894,9884,6572,3972,1888,652,442366
976,Mayotte,37863,35371,32224,24073,15542,16057,16495,15999,13433,10810,7025,5694,3957,2711,1532,1078,596,302,112,113,240987,19126,17402,15885,11640,6539,6465,6813,7103,6316,5697,3592,2951,2096,1447,741,514,296,134,54,48,114859,18737,17969,16339,12433,9003,9592,9682,8896,7117,5113,3433,2743,1861,1264,791,564,300,168,58,65,126128
DOM,,170032,182627,186095,167851,125242,122532,124874,129652,145070,151716,147830,125957,105544,82110,58927,45864,31216,18415,8871,3428,2133853,85552,92611,94163,85053,61596,55527,54913,57948,66072,71343,70568,60504,50017,38682,27003,19825,12484,6464,2669,891,1013885,84480,90016,91932,82798,63646,67005,69961,71704,78998,80373,77262,65453,55527,43428,31924,26039,18732,11951,6202,2537,1119968
France métropolitaine et DOM,,3929162,4193812,4153905,4075252,3783654,3949537,4098834,4108494,4456332,4494360,4486625,4257294,4055390,3937310,2520074,2194421,1881130,1271712,609232,146115,66602645,2005831,2144450,2124366,2087400,1912317,1943968,2002414,2020264,2207980,2218382,2199856,2060405,1939281,1867742,1165673,957342,741565,432872,167362,30617,32230087,1923331,2049362,2029539,1987852,1871337,2005569,2096420,2088230,2248352,2275978,2286769,2196889,2116109,2069568,1354401,1237079,1139565,838840,441870,115498,34372558
,,,,,,,,,,,,,,,,,,,,,,,,,,,,,,,,,,,,,,,,,,,,,,,,,,,,,,,,,,,,,,,,
Source : Insee - Estimations de population ,,,,,,,,,,,,,,,,,,,,,,,,,,,,,,,,,,,,,,,,,,,,,,,,,,,,,,,,,,,,,,,,